{
  "Agent Login" : {
    "transaction" : "Agent Login",
    "sampleCount" : 10,
    "errorCount" : 0,
    "errorPct" : 0.0,
    "meanResTime" : 30.1,
    "medianResTime" : 32.5,
    "minResTime" : 14.0,
    "maxResTime" : 47.0,
    "pct1ResTime" : 46.8,
    "pct2ResTime" : 47.0,
    "pct3ResTime" : 47.0,
    "throughput" : 0.09814891152857115,
    "receivedKBytesPerSec" : 0.03268435432738551,
    "sentKBytesPerSec" : 0.025687410439118232
  },
  "Deposit Amount" : {
    "transaction" : "Deposit Amount",
    "sampleCount" : 10,
    "errorCount" : 10,
    "errorPct" : 100.0,
    "meanResTime" : 5.499999999999999,
    "medianResTime" : 4.0,
    "minResTime" : 3.0,
    "maxResTime" : 14.0,
    "pct1ResTime" : 13.400000000000002,
    "pct2ResTime" : 14.0,
    "pct3ResTime" : 14.0,
    "throughput" : 0.10128736237579637,
    "receivedKBytesPerSec" : 0.02987185882567432,
    "sentKBytesPerSec" : 0.032641435140637505
  },
  "Admin Login" : {
    "transaction" : "Admin Login",
    "sampleCount" : 15,
    "errorCount" : 0,
    "errorPct" : 0.0,
    "meanResTime" : 52.266666666666666,
    "medianResTime" : 32.0,
    "minResTime" : 21.0,
    "maxResTime" : 134.0,
    "pct1ResTime" : 134.0,
    "pct2ResTime" : 134.0,
    "pct3ResTime" : 134.0,
    "throughput" : 0.15654842042643788,
    "receivedKBytesPerSec" : 0.0814846758664955,
    "sentKBytesPerSec" : 0.04127741554212718
  },
  "Verify OTP Request" : {
    "transaction" : "Verify OTP Request",
    "sampleCount" : 10,
    "errorCount" : 10,
    "errorPct" : 100.0,
    "meanResTime" : 14.100000000000001,
    "medianResTime" : 15.0,
    "minResTime" : 6.0,
    "maxResTime" : 27.0,
    "pct1ResTime" : 26.1,
    "pct2ResTime" : 27.0,
    "pct3ResTime" : 27.0,
    "throughput" : 0.10128325889013805,
    "receivedKBytesPerSec" : 0.03174992783567804,
    "sentKBytesPerSec" : 0.026210999615123614
  },
  "Customer Login" : {
    "transaction" : "Customer Login",
    "sampleCount" : 20,
    "errorCount" : 6,
    "errorPct" : 30.0,
    "meanResTime" : 26.9,
    "medianResTime" : 26.5,
    "minResTime" : 5.0,
    "maxResTime" : 49.0,
    "pct1ResTime" : 46.900000000000006,
    "pct2ResTime" : 48.9,
    "pct3ResTime" : 49.0,
    "throughput" : 0.1943407960199005,
    "receivedKBytesPerSec" : 0.06249650793882151,
    "sentKBytesPerSec" : 0.057694923818407955
  },
  "Send Money Amount" : {
    "transaction" : "Send Money Amount",
    "sampleCount" : 10,
    "errorCount" : 10,
    "errorPct" : 100.0,
    "meanResTime" : 5.0,
    "medianResTime" : 4.0,
    "minResTime" : 2.0,
    "maxResTime" : 8.0,
    "pct1ResTime" : 8.0,
    "pct2ResTime" : 8.0,
    "pct3ResTime" : 8.0,
    "throughput" : 0.10042479689084828,
    "receivedKBytesPerSec" : 0.029617469395543147,
    "sentKBytesPerSec" : 0.03255960211695472
  },
  "Total" : {
    "transaction" : "Total",
    "sampleCount" : 135,
    "errorCount" : 66,
    "errorPct" : 48.88889,
    "meanResTime" : 186.4,
    "medianResTime" : 21.0,
    "minResTime" : 2.0,
    "maxResTime" : 1631.0,
    "pct1ResTime" : 616.6,
    "pct2ResTime" : 737.0,
    "pct3ResTime" : 1623.0799999999997,
    "throughput" : 1.2342744294909302,
    "receivedKBytesPerSec" : 0.9974640946139921,
    "sentKBytesPerSec" : 0.40946054207504384
  },
  "Read OTP from Gmail" : {
    "transaction" : "Read OTP from Gmail",
    "sampleCount" : 30,
    "errorCount" : 0,
    "errorPct" : 0.0,
    "meanResTime" : 764.9000000000001,
    "medianResTime" : 611.5,
    "minResTime" : 467.0,
    "maxResTime" : 1631.0,
    "pct1ResTime" : 1568.9,
    "pct2ResTime" : 1618.9,
    "pct3ResTime" : 1631.0,
    "throughput" : 0.29902517791998084,
    "receivedKBytesPerSec" : 0.7315020221577657,
    "sentKBytesPerSec" : 0.14776048830811556
  },
  "Verify OTP Request for Customer" : {
    "transaction" : "Verify OTP Request for Customer",
    "sampleCount" : 20,
    "errorCount" : 20,
    "errorPct" : 100.0,
    "meanResTime" : 14.699999999999998,
    "medianResTime" : 13.0,
    "minResTime" : 6.0,
    "maxResTime" : 28.0,
    "pct1ResTime" : 26.900000000000002,
    "pct2ResTime" : 27.95,
    "pct3ResTime" : 28.0,
    "throughput" : 0.20083547557840617,
    "receivedKBytesPerSec" : 0.0618392826658901,
    "sentKBytesPerSec" : 0.051974024441677376
  },
  "Payment Amount" : {
    "transaction" : "Payment Amount",
    "sampleCount" : 10,
    "errorCount" : 10,
    "errorPct" : 100.0,
    "meanResTime" : 5.399999999999999,
    "medianResTime" : 4.5,
    "minResTime" : 3.0,
    "maxResTime" : 13.0,
    "pct1ResTime" : 12.400000000000002,
    "pct2ResTime" : 13.0,
    "pct3ResTime" : 13.0,
    "throughput" : 0.10042983971397582,
    "receivedKBytesPerSec" : 0.029618956634395212,
    "sentKBytesPerSec" : 0.032365085064074234
  }
}